gene1,gene2,score,chrom1,start1,end1,chrom2,start2,end2
DOC2B-204,DOC2B-201,1340.0,17,142788.0,181650.0,16,19981860.0,20004988.0
RPH3AL-202,RPH3AL-201,908.0,17,212388.0,352807.0,16,20033765.0,20173216.0
VPS53-251,VPS53-201,2760.0,17,508667.0,685188.0,16,20204553.0,20326889.0
TLCD3A-206,TLCD3A-203,149.0,17,732411.0,740586.0,16,20341367.0,20347069.0
MRM3-201,mrna_315521,1340.0,17,782352.0,792509.0,16,20379327.0,20391983.0
NXN-201,NXN-202,683.0,17,799309.0,979776.0,16,20393094.0,20400231.0
YWHAE-201,mrna_315211,1080.0,17,1344274.0,1400222.0,16,19927871.0,19963859.0
CRK-202,CRK-201,923.0,17,1420688.0,1456223.0,16,19886492.0,19908017.0
MYO1C-219,MYO1C-201,4210.0,17,1464185.0,1485760.0,16,19860075.0,19881152.0
INPP5K-204,INPP5K-201,1530.0,17,1494576.0,1516612.0,16,19840055.0,19857843.0
RILP-204,RILP-201,506.0,17,1646144.0,1649032.0,16,19738778.0,19742025.0
PRPF8-203,PRPF8-201,218.0,17,1650628.0,1651269.0,16,19709032.0,19738377.0
WDR81-207,WDR81-201,601.0,17,1716522.0,1731227.0,16,19673659.0,19684391.0
SERPINF1-205,SERPINF1-201,340.0,17,1762028.0,1771169.0,16,19648877.0,19655186.0
SMYD4-201,SMYD4-204,2500.0,17,1779484.0,1829902.0,16,19617203.0,19647710.0
RPA1-203,RPA1-201,435.0,17,1829701.0,1872483.0,16,19569960.0,19615637.0
DPH1-218,DPH1-201,1680.0,17,2030136.0,2043898.0,16,19468673.0,19478634.0
SRR-203,SRR-201,285.0,17,2303382.0,2317900.0,16,19244501.0,19254343.0
PAFAH1B1-211,PAFAH1B1-201,1810.0,17,2593182.0,2685615.0,16,18993368.0,19057511.0
RAP1GAP2-208,RAP1GAP2-204,2900.0,17,2755704.0,3034207.0,16,18747560.0,18863242.0
OR3A2-202,mrna_335629,919.0,17,3276176.0,3386308.0,16,43883273.0,43913594.0
OR1E1-201,mrna_335556,1120.0,17,3397103.0,3398410.0,16,43783249.0,43784194.0
SPATA22-203,SPATA22-201,1320.0,17,3440018.0,3471746.0,16,43792179.0,43804208.0
ASPA-204,mrna_335612,305.0,17,3472373.0,3476395.0,16,43809935.0,44146718.0
TRPV3-202,TRPV3-201,1210.0,17,3510501.0,3535677.0,16,44152012.0,44186694.0
TRPV1-203,TRPV1-201,3100.0,17,3565443.0,3595831.0,16,44192972.0,44215318.0
mrna_1567603,SHPK-201,1710.0,17,3585148.0,3636249.0,16,44227003.0,44244491.0
CTNS-212,CTNS-202,1150.0,17,3636458.0,3661448.0,16,44244564.0,44260216.0
P2RX5-TAX1BP3-201,ITGAE-202,1020.0,17,3663062.0,3696194.0,16,44277155.0,44289664.0
CAMKK1-203,CAMKK1-201,1920.0,17,3860314.0,3890743.0,16,44389677.0,44416921.0
ATP2A3-204,ATP2A3-201,3530.0,17,3923867.0,3964419.0,16,44435690.0,44463435.0
CYB5D2-205,CYB5D2-201,553.0,17,4143167.0,4157085.0,16,44600615.0,44609137.0
SPNS3-207,SPNS3-201,625.0,17,4433939.0,4488202.0,16,44810505.0,44854137.0
MYBBP1A-202,MYBBP1A-201,4090.0,17,4538896.0,4555386.0,16,44896191.0,44910326.0
GGT6-202,GGT6-201,1480.0,17,4556926.0,4560577.0,16,44911624.0,44914053.0
PELP1-208,PELP1-205,517.0,17,4669773.0,4704137.0,16,46416169.0,46422737.0
MED11-203,MED11-201,318.0,17,4731427.0,4733312.0,16,46394461.0,46395982.0
ZMYND15-202,ZMYND15-201,2230.0,17,4739832.0,4746113.0,16,46384628.0,46389700.0
TM4SF5-201,mrna_338357,604.0,17,4771885.0,4783211.0,16,46348681.0,46354793.0
GLTPD2-201,mrna_338298,803.0,17,4788963.0,4790589.0,16,46318081.0,46319392.0
PSMB6-205,PSMB6-201,768.0,17,4796143.0,4798502.0,16,46314832.0,46316964.0
C17orf114-202,C17orf114-201,294.0,17,4801158.0,4802328.0,16,46312575.0,46313214.0
MINK1-202,MINK1-201,5410.0,17,4833339.0,4898061.0,16,46248907.0,46292908.0
CHRNE-203,CHRNE-201,1300.0,17,4897770.0,4903098.0,16,46243788.0,46248547.0
C17orf107-202,C17orf107-201,288.0,17,4899417.0,4900799.0,16,46246408.0,46247201.0
GP1BA-201,mrna_337977,625.0,17,4932276.0,4935023.0,16,46219484.0,46221091.0
RNF167-205,RNF167-201,1420.0,17,4940007.0,4945191.0,16,46209372.0,46213974.0
PFN1-201,Profilin-1-201,601.0,17,4945651.0,4948530.0,16,46205628.0,46208708.0
SPAG7-207,SPAG7-202,778.0,17,4959225.0,4967790.0,16,46193537.0,46197218.0
CAMTA2-212,mrna_337661,496.0,17,4967991.0,4986234.0,16,46176988.0,46192554.0
INCA1-205,mrna_337643,574.0,17,4988129.0,4997522.0,16,46172181.0,46176300.0
SCIMP-203,SCIMP-201,381.0,17,5208919.0,5234860.0,16,46060140.0,46080552.0
RABEP1-207,RABEP1-201,163.0,17,5282264.0,5308802.0,16,45951947.0,46029379.0
NUP88-214,NUP88-201,2730.0,17,5359667.0,5419695.0,16,45920320.0,45949875.0
RPAIN-205,RPAIN-201,343.0,17,5419640.0,5432715.0,16,45913554.0,45920301.0
DERL2-201,Derlin-2-201,626.0,17,5471253.0,5486178.0,16,45875558.0,45881077.0
MIS12-205,MIS12-201,459.0,17,5486284.0,5489237.0,16,45870992.0,45871613.0
NLRP1-244,NLRP1-201,1250.0,17,5499414.0,5583959.0,16,45817285.0,45846415.0
mrna_1577840,mrna_337197,389.0,17,5499426.0,5501006.0,16,45859187.0,45859556.0
WSCD1-207,WSCD1-201,2150.0,17,6069105.0,6124427.0,16,45498579.0,45525024.0
AIPL1-205,AIPL1-201,318.0,17,6393692.0,6435079.0,16,45292336.0,45299657.0
mrna_1578882,KIAA0753-201,2230.0,17,6578146.0,6640711.0,16,45124639.0,45176226.0
TXNDC17-202,TXNDC17-201,313.0,17,6641015.0,6643114.0,16,45116683.0,45119531.0
SLC13A5-203,SLC13A5-201,2040.0,17,6684718.0,6713369.0,16,45064461.0,45089688.0
XAF1-216,mrna_336744,139.0,17,6755447.0,6771928.0,16,45000537.0,45003065.0
FBXO39-201,mrna_336773,1590.0,17,6776214.0,6787646.0,16,45016104.0,45018975.0
TEKT1-202,TEKT1-201,236.0,17,6789132.0,6813016.0,16,44917718.0,44930785.0
RNASEK-202,mrna_338959,430.0,17,7012416.0,7014532.0,16,46671527.0,46673908.0
RNASEK-C17orf49-201,C17orf49-204,740.0,17,7013732.0,7017520.0,16,46624918.0,46627660.0
BCL6B-201,BCL6B-202,1850.0,17,7023049.0,7029644.0,16,46683137.0,46686647.0
SLC16A11-202,SLC16A11-201,1530.0,17,7041620.0,7044092.0,16,46694938.0,46696794.0
CLEC10A-202,CLEC10A-201,490.0,17,7074536.0,7080251.0,16,46712181.0,46716961.0
ASGR2-202,ASGR2-201,841.0,17,7101321.0,7114653.0,16,46730588.0,46741746.0
DLG4-202,DLG4-205,3000.0,17,7187186.0,7217627.0,16,46786975.0,46801676.0
ACADVL-205,ACADVL-201,2480.0,17,7217124.0,7225266.0,16,46812915.0,46818009.0
PHF23-205,PHF23-202,1190.0,17,7235028.0,7239439.0,16,46826619.0,46830303.0
CTDNEP1-205,mrna_339601,901.0,17,7243590.0,7247339.0,16,46921555.0,46928089.0
ELP5-210,ELP5-202,506.0,17,7251415.0,7257028.0,16,46928140.0,46931153.0
EIF5A-201,mrna_339770,797.0,17,7306998.0,7312463.0,16,46980652.0,46985196.0
GPS2-203,GPS2-201,1220.0,17,7311323.0,7315123.0,16,46986279.0,46988528.0
TMEM95-202,TMEM95-201,617.0,17,7355122.0,7357218.0,16,47020641.0,47022082.0
PLSCR3-213,PLSCR3-201,1150.0,17,7389726.0,7394525.0,16,47035331.0,47041346.0
FGF11-204,FGF11-201,425.0,17,7438272.0,7443331.0,16,47079059.0,47084749.0
CHRNB1-201,CHRNB1-202,1690.0,17,7445060.0,7457710.0,16,47085421.0,47092315.0
ZBTB4-201,ZBTB4-202,3640.0,17,7459365.0,7484263.0,16,47096643.0,47108698.0
SLC35G6-201,mrna_340256,478.0,17,7481445.0,7483496.0,16,47110024.0,47111561.0
POLR2A-210,POLR2A-201,7790.0,17,7484365.0,7514179.0,16,47112971.0,47135768.0
TNFSF12-TNFSF13-201,TNFSF12-201,792.0,17,7549098.0,7561601.0,16,47165142.0,47173121.0
SENP3-EIF4A1-201,SENP3-201,2440.0,17,7563286.0,7578715.0,16,47177131.0,47185329.0
EIF4A1-201,EIF4A1-202,1350.0,17,7572824.0,7579006.0,16,47185604.0,47191604.0
CD68-202,mrna_340530,835.0,17,7579490.0,7582111.0,16,47192829.0,47194615.0
MPDU1-223,mrna_340546,133.0,17,7583528.0,7584256.0,16,47196689.0,47199407.0
SOX15-202,SOX15-201,778.0,17,7588177.0,7590072.0,16,47200313.0,47202350.0
FXR2-201,FXR2-202,3150.0,17,7591229.0,7614897.0,16,47203243.0,47217524.0
SHBG-207,mrna_340763,299.0,17,7614063.0,7633354.0,16,47225459.0,47227839.0
ATP1B2-202,ATP1B2-201,700.0,17,7646626.0,7655768.0,16,47233417.0,47239912.0
TP53-203,TP53-201,927.0,17,7661778.0,7676594.0,16,47244093.0,47256326.0
WRAP53-203,WRAP53-201,1660.0,17,7686070.0,7703502.0,16,47256661.0,47268288.0
EFNB3-201,Ephrin-B3-201,1470.0,17,7705201.0,7711372.0,16,47268997.0,47275550.0
DNAH2-203,DNAH2-201,16800.0,17,7717743.0,7833742.0,16,47281235.0,47362186.0
KDM6B-202,mrna_341091,2440.0,17,7834216.0,7854796.0,16,47379032.0,47383639.0
TMEM88-202,TMEM88-201,213.0,17,7855065.0,7856061.0,16,47385612.0,47387205.0
NAA38-205,NAA38-202,386.0,17,7856684.0,7857559.0,16,47386090.0,47388939.0
CYB5D1-203,CYB5D1-201,574.0,17,7857745.0,7860474.0,16,47389603.0,47391112.0
CHD3-223,CHD3-201,7610.0,17,7884795.0,7912736.0,16,47413396.0,47433658.0
TRAPPC1-202,TRAPPC1-201,634.0,17,7930344.0,7931999.0,16,47448273.0,47449612.0
CNTROB-212,CNTROB-201,729.0,17,7932100.0,7935145.0,16,47450676.0,47468058.0
ALOX15B-204,ALOX15B-201,1510.0,17,8039033.0,8048844.0,16,47661376.0,47670491.0
ALOX12B-204,ALOX12B-201,2520.0,17,8072635.0,8087716.0,16,47682700.0,47694707.0
ALOXE3-202,ALOXE3-201,2640.0,17,8095899.0,8118489.0,16,47701668.0,47720982.0
HES7-202,HES7-201,840.0,17,8120591.0,8124106.0,16,47724012.0,47726940.0
PER1-211,PER1-201,4720.0,17,8140466.0,8150832.0,16,47736591.0,47751591.0
mrna_1591099,VAMP2-202,506.0,17,8150815.0,8162975.0,16,47753459.0,47757541.0
TMEM107-204,TMEM107-201,569.0,17,8172456.0,8176380.0,16,47769317.0,47771185.0
AURKB-201,AURKB-202,1350.0,17,8204732.0,8210582.0,16,47786160.0,47790318.0
CTC1-214,CTC1-201,2930.0,17,8224814.0,8248056.0,16,47806368.0,47823290.0
PFAS-210,PFAS-202,288.0,17,8247617.0,8254286.0,16,47827026.0,47831629.0
SLC25A35-203,SLC25A35-201,1000.0,17,8287762.0,8295343.0,16,47852419.0,47856740.0
ARHGEF15-208,ARHGEF15-201,247.0,17,8310240.0,8312388.0,16,47868029.0,47876221.0
ODF4-201,mrna_342445,357.0,17,8339839.0,8346046.0,16,47886038.0,47891006.0
KRBA2-204,KRBA2-201,1570.0,17,8356901.0,8376681.0,16,47898477.0,47902435.0
mrna_1592991,RPL26-201,602.0,17,8368637.0,8383187.0,16,47905025.0,47910113.0
RNF222-202,RNF222-201,465.0,17,8390701.0,8397827.0,16,47915918.0,47916554.0
NDEL1-215,NDEL1-205,642.0,17,8413130.0,8448597.0,16,47944325.0,47969613.0
MYH10-203,MYH10-201,7780.0,17,8474206.0,8630761.0,16,47981060.0,48093337.0
CFAP52-202,CFAP52-201,2060.0,17,9576626.0,9643382.0,16,48739607.0,48764230.0
DHRS7C-203,DHRS7C-201,274.0,17,9771433.0,9779921.0,16,48816744.0,48827771.0
GLP2R-204,GLP2R-201,1290.0,17,9822205.0,9890034.0,16,48848007.0,48899626.0
RCVRN-201,Recoverin-201,789.0,17,9896319.0,9905271.0,16,48904433.0,48911498.0
GAS7-203,GAS7-201,204.0,17,9910605.0,10198606.0,16,48920878.0,48947234.0
MYH13-201,mrna_343445,7570.0,17,10300864.0,10373006.0,16,49221116.0,49266802.0
TMEM220-205,mrna_344107,191.0,17,10699014.0,10725134.0,16,49585241.0,49598228.0
TMEM238L-202,TMEM238L-201,253.0,17,10794907.0,10804099.0,16,49656401.0,49656641.0
DNAH9-209,mrna_344195,667.0,17,11598469.0,11612833.0,16,50174998.0,50184533.0
ZNF18-204,ZNF18-201,1570.0,17,11977438.0,11997475.0,16,50443042.0,50455537.0
MYOCD-205,MYOCD-201,171.0,17,12665889.0,12717390.0,16,50921380.0,51005086.0
ARHGAP44-203,mrna_344510,718.0,17,12789497.0,12991643.0,16,51022360.0,51099633.0
ELAC2-201,ELAC2-205,1840.0,17,12991611.0,13018027.0,16,51127913.0,51154358.0
COX10-207,COX10-201,952.0,17,14069489.0,14217916.0,16,51897438.0,51992531.0
PMP22-215,PMP22-201,585.0,17,15229772.0,15263190.0,16,52451241.0,52475084.0
TEKT3-202,Tektin-3-201,1650.0,17,15303811.0,15341597.0,16,52500962.0,52523778.0
CDRT4-203,CDRT4-201,278.0,17,15436014.0,15467621.0,16,52576786.0,52579812.0
TVP23C-CDRT4-203,mrna_345121,604.0,17,15436020.0,15563561.0,16,52624811.0,52649133.0
mrna_1602187,TRIM16-201,1130.0,17,15571490.0,15651653.0,16,52677026.0,52702386.0
ZSWIM7-208,ZSWIM7-201,210.0,17,15976559.0,15999588.0,16,53204846.0,53214656.0
NCOR1-207,NCOR1-204,993.0,17,16029064.0,16215554.0,16,53058765.0,53102616.0
PIGL-212,PIGL-201,443.0,17,16217208.0,16348801.0,16,52983945.0,53042154.0
CENPV-203,mrna_345485,201.0,17,16342533.0,16353456.0,16,52980193.0,52988343.0
LRRC75A-203,LRRC75A-201,1200.0,17,16441576.0,16492193.0,16,52816685.0,52919429.0
ZNF287-202,ZNF287-201,2410.0,17,16546953.0,16569204.0,16,52778460.0,52791226.0
TNFRSF13B-207,TNFRSF13B-201,642.0,17,16929815.0,16972087.0,16,54981156.0,55009006.0
MPRIP-221,MPRIP-201,4620.0,17,17042456.0,17192643.0,16,54795580.0,54930926.0
NT5M-207,NT5M-201,789.0,17,17303334.0,17347661.0,16,54716301.0,54723332.0
PEMT-203,PEMT-201,694.0,17,17505562.0,17577465.0,16,54627542.0,54659819.0
SREBF1-213,SREBF1-201,345.0,17,17810398.0,17813769.0,16,54434646.0,54452137.0
TOM1L2-214,TOM1L2-201,1130.0,17,17843506.0,17972410.0,16,54359096.0,54427038.0
DRC3-212,DRC3-201,180.0,17,17972812.0,17983858.0,16,54339558.0,54358650.0
ATPAF2-212,ATPAF2-201,927.0,17,17977408.0,18039168.0,16,54325874.0,54339036.0
DRG2-206,DRG2-201,329.0,17,18087920.0,18099937.0,16,54295264.0,54307495.0
MYO15A-221,mrna_347471,2470.0,17,18108755.0,18179800.0,16,54247880.0,54263544.0
ALKBH5-203,ALKBH5-201,207.0,17,18183077.0,18209398.0,16,54196718.0,54244031.0
MIEF2-206,MIEF2-201,327.0,17,18260596.0,18263546.0,16,54130409.0,54132567.0
TOP3A-207,TOP3A-201,168.0,17,18271427.0,18274958.0,16,54102658.0,54124879.0
FBXW10-202,mrna_345157,2400.0,17,18744025.0,18779349.0,16,52650704.0,52673680.0
GRAP-201,mrna_346871,852.0,17,19020655.0,19046957.0,16,53930624.0,53951919.0
B9D1-221,B9D1-201,468.0,17,19334694.0,19362597.0,16,53838412.0,53848515.0
MAPK7-202,MAPK7-201,2190.0,17,19377720.0,19383543.0,16,53825079.0,53830205.0
MFAP4-203,mrna_346698,996.0,17,19383441.0,19386932.0,16,53821329.0,53824545.0
RNF112-204,RNF112-203,392.0,17,19411124.0,19412772.0,16,53803546.0,53808861.0
SLC47A1-206,SLC47A1-201,563.0,17,19533461.0,19577597.0,16,53748081.0,53773981.0
ALDH3A1-202,ALDH3A1-201,1310.0,17,19737983.0,19748341.0,16,53620126.0,53626339.0
AKAP10-201,AKAP10-202,2400.0,17,19904301.0,19977828.0,16,53473928.0,53508575.0
SPECC1-221,mrna_346083,623.0,17,20008864.0,20239409.0,16,53314773.0,53398286.0
LGALS9B-202,mrna_318498,1140.0,17,20449394.0,20467539.0,16,22666386.0,22681178.0
WSB1-210,WSB1-201,824.0,17,27294075.0,27304903.0,16,22936728.0,22952341.0
KSR1-218,KSR1-202,3100.0,17,27456447.0,27626435.0,16,22724584.0,22766984.0
LGALS9-201,mrna_318498,1120.0,17,27629797.0,27649560.0,16,22666386.0,22681178.0
mrna_1623758,LYRM9-203,281.0,17,27798805.0,27893365.0,16,22562946.0,22575894.0
IFT20-216,IFT20-202,326.0,17,28328324.0,28335489.0,16,22296582.0,22302991.0
TNFAIP1-202,TNFAIP1-201,889.0,17,28335601.0,28345255.0,16,22288879.0,22296489.0
TMEM199-205,TMEM199-201,413.0,17,28357641.0,28361177.0,16,22275099.0,22277952.0
SARM1-208,SARM1-201,2820.0,17,28371693.0,28404049.0,16,22247270.0,22264803.0
SLC46A1-207,SLC46A1-201,1570.0,17,28394641.0,28406212.0,16,22239347.0,22244846.0
SLC13A2-202,SLC13A2-201,1910.0,17,28473292.0,28497778.0,16,22192160.0,22213442.0
FOXN1-202,FOXN1-201,2470.0,17,28506242.0,28538896.0,16,22158419.0,22171118.0
UNC119-205,UNC119-202,465.0,17,28546707.0,28551802.0,16,22146849.0,22151714.0
ALDOC-202,ALDOC-201,1380.0,17,28573114.0,28576885.0,16,22129679.0,22133584.0
mrna_1626347,RSKR-201,1490.0,17,28580011.0,28614185.0,16,22105111.0,22108706.0
BLTP2-202,BLTP2-201,8960.0,17,28614445.0,28645158.0,16,22080579.0,22104047.0
SUPT6H-202,SUPT6H-201,5140.0,17,28662197.0,28701735.0,16,22042099.0,22071394.0
RAB34-212,RAB34-201,768.0,17,28714280.0,28718268.0,16,22026669.0,22031196.0
RPL23A-204,mrna_315571,583.0,17,28719984.0,28724359.0,16,20451113.0,20451581.0
NEK8-204,NEK8-202,659.0,17,28725896.0,28735367.0,16,22010431.0,22018378.0
TRAF4-201,TRAF4-202,1630.0,17,28744010.0,28750956.0,16,22002962.0,22005648.0
FAM222B-209,FAM222B-201,122.0,17,28755979.0,28812224.0,16,21967223.0,21998942.0
ERAL1-202,mrna_317329,506.0,17,28855009.0,28858775.0,16,21936131.0,21939931.0
DHRS13-202,FLOT2-203,882.0,17,28897780.0,28903071.0,16,21906108.0,21910887.0
PHF12-202,PHF12-201,4400.0,17,28905249.0,28951518.0,16,21867461.0,21904022.0
MYO18A-203,MYO18A-201,8210.0,17,29071121.0,29180398.0,16,21685169.0,21765597.0
TP53I13-211,TP53I13-201,237.0,17,29567179.0,29571702.0,16,21424086.0,21428045.0
CORO6-201,CORO6-204,1810.0,17,29614761.0,29622899.0,16,21379267.0,21386609.0
EFCAB5-206,EFCAB5-201,326.0,17,29929199.0,29969078.0,16,21078004.0,21162027.0
NSRP1-213,NSRP1-201,172.0,17,30116780.0,30128163.0,16,21015983.0,21072048.0
SLC6A4-206,SLC6A4-201,2440.0,17,30194318.0,30235697.0,16,21005540.0,21029366.0
TMIGD1-201,TMIGD1-202,716.0,17,30316332.0,30334057.0,16,20922278.0,20932568.0
CRLF3-204,CRLF3-201,296.0,17,30772362.0,30785993.0,16,23683445.0,23715791.0
ADAP2-211,ADAP2-201,389.0,17,30921679.0,30958739.0,16,23779317.0,23802215.0
RNF135-204,RHOT1-201,275.0,17,30970983.0,30999370.0,16,23809125.0,23824830.0
NF1-211,NF1-201,2400.0,17,31094926.0,31219359.0,16,23046433.0,23268533.0
EVI2A-203,EVI2A-201,829.0,17,31316409.0,31321622.0,16,23225589.0,23226288.0
RAB11FIP4-211,mrna_319084,2030.0,17,31391674.0,31538211.0,16,23353845.0,23385216.0
LRRC37B-202,mrna_320896,206.0,17,32007382.0,32053487.0,16,26408863.0,26417385.0
C17orf75-209,C17orf75-201,326.0,17,32324564.0,32335362.0,16,23962544.0,23972582.0
ZNF207-201,mrna_319887,1300.0,17,32350131.0,32370451.0,16,23986532.0,23999154.0
PSMD11-206,PSMD11-201,206.0,17,32444378.0,32464561.0,16,24040590.0,24069278.0
SPACA3-205,mrna_320172,432.0,17,32970375.0,32997877.0,16,24447168.0,24458940.0
CCL11-201,CCL8-201,308.0,17,34285741.0,34288334.0,16,25634563.0,25637231.0
CCL1-201,mrna_320318,199.0,17,34360327.0,34363233.0,16,25640392.0,25643076.0
CCT6B-202,CCT6B-201,2000.0,17,34927858.0,34961402.0,16,26155063.0,26179605.0
LIG3-205,LIG3-202,2140.0,17,34980511.0,34994429.0,16,26197315.0,26213673.0
RFFL-202,RFFL-201,1330.0,17,35005989.0,35063707.0,16,26217553.0,26263254.0
mrna_1640217,mrna_320875,454.0,17,35011348.0,35121493.0,16,26372834.0,26384263.0
RAD51D-202,RAD51D-201,1190.0,17,35092220.0,35119860.0,16,26287562.0,26300081.0
NLE1-202,NLE1-201,1920.0,17,35128729.0,35142303.0,16,26310457.0,26318226.0
UNC45B-202,UNC45B-201,3690.0,17,35147816.0,35189343.0,16,26322436.0,26346977.0
SLFN14-202,SLFN14-201,3100.0,17,35543984.0,35560819.0,16,43696774.0,43704352.0
MMP28-205,MMP28-201,316.0,17,35756248.0,35768326.0,16,43520197.0,43540703.0
HEATR9-207,HEATR9-201,1740.0,17,35854954.0,35868891.0,16,43464814.0,43477643.0
CCL16-206,CCL16-201,253.0,17,35976492.0,35978263.0,16,43427121.0,43430122.0
CCL14-202,CCL14-201,223.0,17,35983287.0,35986729.0,16,43418221.0,43421615.0
CCL15-CCL14-201,mrna_335133,71.0,17,35983655.0,36001551.0,16,43380509.0,43385586.0
CCL23-201,mrna_335133,66.0,17,36013055.0,36017962.0,16,43380509.0,43385586.0
CCL18-201,mrna_335123,172.0,17,36064271.0,36072032.0,16,43359683.0,43360938.0
CCL3L3-203,mrna_335110,291.0,17,36194868.0,36196758.0,16,43340504.0,43342369.0
CCL4L2-203,mrna_335077,354.0,17,36210923.0,36212878.0,16,43322481.0,43324560.0
ZNHIT3-208,ZNHIT3-201,410.0,17,36486628.0,36495823.0,16,42136216.0,42145562.0
MYO19-213,MYO19-201,1680.0,17,36495635.0,36534868.0,16,42146436.0,42176702.0
PIGW-204,PIGW-201,1770.0,17,36534986.0,36539303.0,16,42178107.0,42180824.0
GGNBP2-210,GGNBP2-201,141.0,17,36544911.0,36547747.0,16,42185540.0,42215718.0
DHRS11-215,DHRS11-201,1050.0,17,36591878.0,36600804.0,16,42217883.0,42226654.0
MRM1-204,MRM1-201,1160.0,17,36601582.0,36608964.0,16,42226923.0,42230970.0
AATF-215,AATF-202,1650.0,17,36948924.0,37056842.0,16,42507112.0,42577579.0
ACACA-237,ACACA-204,9180.0,17,37084991.0,37406836.0,16,42618934.0,42795404.0
C17orf78-204,C17orf78-201,433.0,17,37375984.0,37392708.0,16,42853244.0,42859281.0
TADA2A-203,TADA2A-202,313.0,17,37406885.0,37442617.0,16,42880107.0,42906088.0
DUSP14-206,DUSP14-201,811.0,17,37489890.0,37513498.0,16,42944912.0,42945509.0
SYNRG-217,SYNRG-201,5150.0,17,37514806.0,37609418.0,16,42949999.0,43026925.0
DDX52-212,DDX52-201,463.0,17,37609738.0,37621173.0,16,43029306.0,43047675.0
HNF1B-203,HNF1B-201,2380.0,17,37686430.0,37745059.0,16,43083046.0,43134927.0
MRPL45-204,MRPL45-201,885.0,17,38297022.0,38323217.0,16,29083873.0,29098566.0
GPR179-203,GPR179-201,6760.0,17,38324570.0,38343956.0,16,29101971.0,29117305.0
ARHGAP23-223,mrna_323583,1610.0,17,38419279.0,38512385.0,16,29173675.0,29240413.0
SRCIN1-213,SRCIN1-201,4690.0,17,38530030.0,38605952.0,16,29257994.0,29325559.0
MLLT6-211,MLLT6-201,4340.0,17,38705272.0,38729795.0,16,29398073.0,29417808.0
CISD3-204,CISD3-201,441.0,17,38730340.0,38735605.0,16,29420581.0,29424215.0
PCGF2-207,PCGF2-201,1390.0,17,38733897.0,38748336.0,16,29425738.0,29429768.0
PSMB3-211,PSMB3-202,689.0,17,38752740.0,38764225.0,16,29440224.0,29447471.0
PIP4K2B-204,PIP4K2B-201,1730.0,17,38765690.0,38799556.0,16,29449508.0,29484723.0
CWC25-202,CWC25-201,1640.0,17,38800440.0,38825321.0,16,29486001.0,29507118.0
RPL23-206,mrna_324118,588.0,17,38847859.0,38853721.0,16,29523784.0,29528007.0
LASP1-203,LASP1-201,1070.0,17,38869858.0,38921769.0,16,29539315.0,29578787.0
CACNB1-202,CACNB1-203,1850.0,17,39173452.0,39197669.0,16,29720161.0,29733534.0
FBXL20-201,FBXL20-202,1920.0,17,39252662.0,39401626.0,16,29788825.0,29871810.0
PPP1R1B-208,PPP1R1B-201,810.0,17,39626739.0,39636000.0,16,30026201.0,30035277.0
STARD3-209,STARD3-202,1670.0,17,39637140.0,39663094.0,16,30035650.0,30056521.0
TCAP-202,TCAP-201,338.0,17,39665348.0,39666249.0,16,30058063.0,30058817.0
PNMT-202,PNMT-201,670.0,17,39667980.0,39670473.0,16,30060090.0,30062714.0
ERBB2-219,ERBB2-202,4030.0,17,39687913.0,39728361.0,16,30085032.0,30107636.0
MIEN1-201,mrna_325230,466.0,17,39728509.0,39730532.0,16,30109135.0,30110504.0
GRB7-209,GRB7-203,313.0,17,39737926.0,39742922.0,16,30115452.0,30123252.0
IKZF3-210,IKZF3-201,1950.0,17,39757714.0,39864188.0,16,30138409.0,30212121.0
ZPBP2-201,ZPBP2-203,436.0,17,39868201.0,39877896.0,16,30216001.0,30221124.0
GSDMB-202,mrna_325569,639.0,17,39904594.0,39917316.0,16,30238373.0,30247549.0
ORMDL3-204,ORMDL3-202,405.0,17,39921040.0,39927601.0,16,30250604.0,30253704.0
GSDMA-203,GSDMA-201,1610.0,17,39953262.0,39977218.0,16,30281248.0,30291107.0
CSF3-209,CSF3-201,498.0,17,40015360.0,40016917.0,16,30312137.0,30313737.0
MED24-202,MED24-201,3860.0,17,40019096.0,40054092.0,16,30316206.0,30337620.0
MSL1-202,MSL1-201,2770.0,17,40121970.0,40136917.0,16,30424107.0,30434912.0
RAPGEFL1-202,RAPGEFL1-201,2070.0,17,40177009.0,40193788.0,16,30467081.0,30480151.0
WIPF2-208,WIPF2-201,278.0,17,40219303.0,40277132.0,16,30493053.0,30529379.0
CCR7-203,CCR7-201,1430.0,17,40551080.0,40561013.0,16,30777026.0,30788143.0
SMARCE1-202,SMARCE1-201,1710.0,17,40624961.0,40647818.0,16,30827530.0,30845174.0
mrna_1657754,KRT222-201,144.0,17,40627355.0,40665135.0,16,30853518.0,30860796.0
KRT23-202,KRT23-201,947.0,17,40922699.0,40937450.0,16,31043903.0,31056390.0
KRTAP3-3-201,mrna_326806,368.0,17,40993429.0,40994164.0,16,31103221.0,31103521.0
KRTAP1-5-201,mrna_326851,432.0,17,41026025.0,41027208.0,16,31160544.0,31161315.0
KRTAP2-3-201,mrna_326885,463.0,17,41059239.0,41060114.0,16,31202381.0,31202771.0
KRTAP4-11-201,mrna_326866,577.0,17,41117180.0,41118373.0,16,31179232.0,31184405.0
KRTAP9-3-201,mrna_326935,324.0,17,41232448.0,41233454.0,16,31323275.0,31342163.0
KRT32-201,mrna_327014,1570.0,17,41459512.0,41467386.0,16,31419603.0,31425602.0
KRT36-201,KRT36-202,1690.0,17,41486135.0,41489910.0,16,31485893.0,31489472.0
KRT15-201,mrna_327126,1620.0,17,41513744.0,41518890.0,16,31500933.0,31504773.0
KRT9-201,mrna_327204,895.0,17,41565835.0,41572059.0,16,31554597.0,31557292.0
EIF1-203,EIF1-201,504.0,17,41688884.0,41692668.0,16,31649612.0,31651745.0
HAP1-207,HAP1-201,316.0,17,41717741.0,41725081.0,16,31668058.0,31677032.0
JUP-202,JUP-201,3030.0,17,41754603.0,41785155.0,16,31689424.0,31714942.0
FKBP10-208,FKBP10-201,704.0,17,41812679.0,41818496.0,16,31740939.0,31748396.0
NT5C3B-203,mrna_307541,294.0,17,41825056.0,41836232.0,16,15965427.0,15969955.0
KLHL10-203,KLHL10-201,511.0,17,41835684.0,41841994.0,16,15971469.0,15976481.0
ACLY-207,ACLY-201,4420.0,17,41866916.0,41918962.0,16,15987760.0,16027597.0
CNP-204,CNP-201,169.0,17,41966762.0,41974228.0,16,16071908.0,16078428.0
ZNF385C-203,ZNF385C-201,634.0,17,42025575.0,42028689.0,16,16112193.0,16118011.0
DHX58-205,DHX58-201,153.0,17,42101403.0,42104907.0,16,16165150.0,16173803.0
RAB5C-202,RAB5C-201,952.0,17,42124977.0,42155044.0,16,16184257.0,16205163.0
KCNH4-202,KCNH4-201,3940.0,17,42156890.0,42181081.0,16,16207989.0,16224205.0
HCRT-201,Orexin-201,466.0,17,42184059.0,42185452.0,16,16226353.0,16228286.0
GHDC-211,GHDC-201,1480.0,17,42188798.0,42194459.0,16,16229423.0,16233842.0
STAT5A-201,STAT5B-201,3230.0,17,42287546.0,42311943.0,16,16239511.0,16266702.0
ATP6V0A1-203,ATP6V0A1-202,3420.0,17,42458843.0,42521485.0,16,16437436.0,16484840.0
HSD17B1-204,HSD17B1-201,508.0,17,42552922.0,42555093.0,16,16499312.0,16501283.0
COASY-203,COASY-201,365.0,17,42562133.0,42562894.0,16,16507967.0,16512252.0
MLX-201,MLX-202,827.0,17,42567071.0,42573239.0,16,16512262.0,16515893.0
PSMC3IP-202,PSMC3IP-201,865.0,17,42572309.0,42577729.0,16,16519971.0,16524554.0
RETREG3-208,RETREG3-201,326.0,17,42579512.0,42609377.0,16,16525660.0,16544751.0
TUBG2-201,TUBG1-202,1840.0,17,42659283.0,42667006.0,16,16544844.0,16549649.0
PLEKHH3-205,PLEKHH3-201,1860.0,17,42667913.0,42676633.0,16,16583507.0,16591409.0
EZH1-202,EZH1-201,3160.0,17,42700274.0,42745040.0,16,16612210.0,16631818.0
RAMP2-205,RAMP2-201,432.0,17,42760774.0,42763041.0,16,16647900.0,16650046.0
VPS25-201,VPS25-202,590.0,17,42773448.0,42779599.0,16,16653819.0,16656727.0
COA3-202,COA3-201,237.0,17,42795146.0,42798690.0,16,16674841.0,16675652.0
CNTD1-202,CNTD1-201,653.0,17,42798799.0,42806778.0,16,16676030.0,16682964.0
PSME3-205,mrna_309468,852.0,17,42824425.0,42843239.0,16,16700737.0,16708241.0
AOC3-206,AOC3-204,2180.0,17,42851183.0,42858128.0,16,16714735.0,16719743.0
G6PC1-204,G6PC1-201,446.0,17,42900796.0,42911336.0,16,16748266.0,16757114.0
PTGES3L-AARSD1-201,AARSD1-201,1530.0,17,42950525.0,42980003.0,16,16783151.0,16792238.0
PTGES3L-202,PTGES3L-201,432.0,17,42968087.0,42979664.0,16,16794592.0,16798929.0
RPL27-205,RPL27-201,569.0,17,42998272.0,43002949.0,16,16810889.0,16813838.0
IFI35-204,mrna_309773,870.0,17,43006739.0,43014456.0,16,16815090.0,16824508.0
VAT1-209,VAT1-201,122.0,17,43014606.0,43016313.0,16,16824788.0,16831446.0
RND2-202,RND2-201,952.0,17,43025230.0,43032041.0,16,16832775.0,16836306.0
BRCA1-222,BRCA1-201,5010.0,17,43044294.0,43125300.0,16,16847873.0,16900840.0
TMEM106A-205,TMEM106A-201,876.0,17,43211834.0,43217736.0,16,16927887.0,16934517.0
ETV4-203,ETV4-201,1840.0,17,43527843.0,43545937.0,16,17096069.0,17110764.0
MEOX1-201,MEOX1-202,952.0,17,43640388.0,43661922.0,16,17172444.0,17189726.0
MPP3-202,MPP3-201,2260.0,17,43800798.0,43832242.0,16,17285201.0,17308637.0
CD300LG-203,mrna_310621,315.0,17,43847147.0,43857997.0,16,17321881.0,17326881.0
MPP2-202,MPP2-201,2130.0,17,43875356.0,43900598.0,16,17350067.0,17375960.0
PPY-203,PPY-201,136.0,17,43940803.0,43941514.0,16,17391844.0,17392500.0
PYY-203,PYY-201,315.0,17,43952732.0,43953940.0,16,17399946.0,17400476.0
LSM12-201,LSM12-202,716.0,17,44034327.0,44066671.0,16,17454069.0,17470601.0
G6PC3-209,G6PC3-201,874.0,17,44070619.0,44076319.0,16,17473861.0,17478653.0
HDAC5-201,HDAC5-203,2640.0,17,44076745.0,44123638.0,16,17479327.0,17509769.0
ASB16-203,ASB16-201,275.0,17,44170446.0,44172209.0,16,17581325.0,17588014.0
TMUB2-203,TMUB2-201,716.0,17,44186969.0,44191226.0,16,17595353.0,17598620.0
ATXN7L3-210,ATXN7L3-201,693.0,17,44191804.0,44196053.0,16,17602093.0,17605601.0
UBTF-202,UBTF-201,2680.0,17,44205032.0,44220963.0,16,17605987.0,17624690.0
SLC4A1-202,SLC4A1-201,2260.0,17,44248389.0,44268134.0,16,17641201.0,17652273.0
RUNDC3A-206,RUNDC3A-204,1140.0,17,44308582.0,44317726.0,16,17756349.0,17764309.0
SLC25A39-201,mrna_311574,1090.0,17,44319624.0,44324870.0,16,17765887.0,17770838.0
GRN-215,Granulins-201,387.0,17,44345261.0,44349736.0,16,17785319.0,17792967.0
ITGA2B-210,ITGA2B-201,2690.0,17,44372179.0,44385340.0,16,17805723.0,17818677.0
GPATCH8-208,GPATCH8-201,5670.0,17,44395280.0,44503406.0,16,17824144.0,17908131.0
MEIOC-203,MEIOC-201,251.0,17,44656403.0,44662390.0,16,17996772.0,18009154.0
CCDC43-204,CCDC43-201,346.0,17,44673068.0,44689725.0,16,18013416.0,18021880.0
DBF4B-202,DBF4B-201,784.0,17,44708607.0,44752264.0,16,18032826.0,18052813.0
GJC1-204,GJC1-201,1090.0,17,44798447.0,44805409.0,16,18095842.0,18097033.0
HIGD1B-205,HIGD1B-201,359.0,17,44846352.0,44850476.0,16,18129940.0,18131511.0
EFTUD2-202,EFTUD2-201,4080.0,17,44849947.0,44899445.0,16,18128605.0,18166763.0
GFAP-214,GFAP-201,1870.0,17,44903158.0,44915500.0,16,18174748.0,18182327.0
KIF18B-202,KIF18B-201,1570.0,17,44924708.0,44947637.0,16,18189706.0,18199820.0
NMT1-219,NMT1-202,1700.0,17,44957991.0,45108989.0,16,18288794.0,18315047.0
C1QL1-202,mrna_312236,917.0,17,44959692.0,44968303.0,16,18216463.0,18222751.0
DCAKD-202,DCAKD-201,897.0,17,45023337.0,45061131.0,16,18264067.0,18288728.0
PLCD3-212,PLCD3-201,2940.0,17,45108958.0,45132515.0,16,18321657.0,18338596.0
ACBD4-216,ACBD4-203,911.0,17,45132599.0,45142610.0,16,18340342.0,18344802.0
FMNL1-205,FMNL1-206,1340.0,17,45221808.0,45247318.0,16,18387880.0,18410561.0
ARHGAP27-211,ARHGAP27-203,2410.0,17,45393901.0,45410424.0,16,18528120.0,18540972.0
LINC02210-CRHR1-202,CRHR1-204,1300.0,17,45620343.0,45835826.0,16,15427263.0,15444730.0
SPPL2C-201,SPPL2C-202,1010.0,17,45844880.0,45847067.0,16,15415146.0,15417521.0
MAPT-218,MAPT-201,792.0,17,45894526.0,46024655.0,16,15285413.0,15388414.0
KANSL1-202,KANSL1-201,4480.0,17,46029915.0,46193429.0,16,15117656.0,15279851.0
WNT9B-203,WNT9B-201,370.0,17,46833200.0,46875146.0,16,15846559.0,15850968.0
mrna_1688926,GOSR2-204,637.0,17,46923132.0,47047154.0,16,15883077.0,15896263.0
mrna_1690368,ITGB3-201,3020.0,17,47253896.0,47344292.0,16,14961609.0,15009003.0
NPEPPS-202,NPEPPS-201,759.0,17,47522941.0,47582844.0,16,28973271.0,29060639.0
KPNB1-202,KPNB1-201,3110.0,17,47649475.0,47682633.0,16,28928075.0,28949977.0
TBKBP1-203,TBKBP1-201,1480.0,17,47694160.0,47712052.0,16,28903542.0,28917471.0
OSBPL7-201,OSBPL7-202,1330.0,17,47807371.0,47821794.0,16,28815082.0,28820164.0
LRRC46-202,LRRC46-201,114.0,17,47831633.0,47836062.0,16,28803143.0,28807662.0
SP6-202,SP6-201,1480.0,17,47844907.0,47851163.0,16,28791876.0,28793007.0
CDK5RAP3-214,CDK5RAP3-201,696.0,17,47967809.0,47975337.0,16,28691060.0,28699975.0
COPZ2-206,COPZ2-201,147.0,17,48026166.0,48033252.0,16,28649471.0,28656741.0
CBX1-202,CBX1-201,833.0,17,48070051.0,48101198.0,16,28601862.0,28620095.0
SNX11-208,SNX11-201,699.0,17,48103356.0,48119164.0,16,28586988.0,28595481.0
SKAP1-207,SKAP1-201,330.0,17,48133436.0,48430275.0,16,28322700.0,28577978.0
HOXB3-205,HOXB3-201,1690.0,17,48548869.0,48553922.0,16,28225772.0,28227910.0
TTLL6-202,TTLL6-201,2390.0,17,48762233.0,48817229.0,16,28030563.0,28058495.0
CALCOCO2-215,CALCOCO2-203,1670.0,17,48831025.0,48863050.0,16,27984248.0,28001218.0
ATP5MC1-201,mrna_322374,455.0,17,48892764.0,48895871.0,16,27948537.0,27951244.0
SNF8-202,mrna_322322,1090.0,17,48929315.0,48944842.0,16,27919465.0,27927159.0
B4GALNT2-203,B4GALNT2-202,1680.0,17,49132459.0,49169989.0,16,27749657.0,27797894.0
GNGT2-202,mrna_322136,240.0,17,49202790.0,49208912.0,16,27723689.0,27725744.0
ABI3-202,ABI3-201,789.0,17,49210410.0,49223036.0,16,27713323.0,27722018.0
ZNF652-202,ZNF652-201,2640.0,17,49289205.0,49362250.0,16,27619868.0,27664556.0
PHB1-216,mrna_322033,245.0,17,49404048.0,49414905.0,16,27448857.0,27485841.0
SPOP-206,SPOP-201,1620.0,17,49598883.0,49678097.0,16,26667049.0,26696324.0
SLC35B1-220,SLC35B1-201,1200.0,17,49700933.0,49707951.0,16,26745161.0,26751479.0
KAT7-220,KAT7-201,2430.0,17,49788623.0,49832771.0,16,26814020.0,26842678.0
TAC4-205,TAC4-201,221.0,17,49838299.0,49848069.0,16,26850199.0,26857362.0
ITGA3-207,ITGA3-201,519.0,17,50055967.0,50076995.0,16,27032712.0,27063349.0
SAMD14-202,SAMD14-201,1000.0,17,50110039.0,50130160.0,16,27080561.0,27086737.0
PPP1R9B-202,PPP1R9B-201,2510.0,17,50133736.0,50150677.0,16,27099137.0,27114369.0
SGCA-211,SGCA-201,122.0,17,50165984.0,50168570.0,16,27126890.0,27140795.0
MRPL27-204,MRPL27-202,108.0,17,50367856.0,50372960.0,16,32612371.0,32615383.0
EME1-202,EME1-201,1870.0,17,50373219.0,50381459.0,16,32606632.0,32611252.0
ACSF2-218,ACSF2-201,2040.0,17,50426157.0,50474670.0,16,32541932.0,32575598.0
CHAD-202,CHAD-201,166.0,17,50464495.0,50465425.0,16,32547899.0,32552072.0
RSAD1-208,RSAD1-201,473.0,17,50478859.0,50484897.0,16,32534989.0,32540921.0
EPN3-202,EPN3-201,661.0,17,50532681.0,50537061.0,16,32487290.0,32496558.0
CACNA1G-204,CACNA1G-201,9570.0,17,50560714.0,50627474.0,16,32408891.0,32469589.0
LUC7L3-223,LUC7L3-201,348.0,17,50719564.0,50737360.0,16,32311921.0,32334844.0
ANKRD40CL-203,ANKRD40CL-201,362.0,17,50761029.0,50767518.0,16,32301172.0,32305525.0
WFIKKN2-202,WFIKKN2-201,1860.0,17,50834649.0,50841308.0,16,32247254.0,32252924.0
TOB1-202,TOB1-201,1440.0,17,50862222.0,50866354.0,16,32229343.0,32230369.0
NME1-203,mrna_327638,591.0,17,51153558.0,51162168.0,16,31986145.0,31997188.0
MBTD1-204,MBTD1-201,2780.0,17,51177424.0,51260049.0,16,31797983.0,31974976.0
CA10-204,CA10-201,1070.0,17,51630312.0,52160002.0,16,33208508.0,33759650.0
TOM1L1-204,TOM1L1-202,783.0,17,54899386.0,54937316.0,16,36548082.0,36563150.0
COX11-209,COX11-201,947.0,17,54951901.0,54968653.0,16,36598324.0,36604872.0
SMIM36-203,SMIM36-201,297.0,17,55449855.0,55511452.0,16,37070039.0,37070315.0
ANKFN1-209,ANKFN1-201,4880.0,17,55882300.0,56511659.0,16,37469659.0,37901604.0
NOG-201,Noggin-201,1050.0,17,56593698.0,56595611.0,16,38195787.0,38196486.0
DGKE-204,DGKE-201,620.0,17,56834106.0,56836466.0,16,38211069.0,38230041.0
TRIM25-210,TRIM25-201,1350.0,17,56836386.0,56914080.0,16,38253489.0,38269353.0
SCPEP1-214,SCPEP1-201,176.0,17,56978128.0,57006605.0,16,38302068.0,38327097.0
AKAP1-216,AKAP1-201,248.0,17,57085091.0,57106023.0,16,38368906.0,38399774.0
MSI2-203,MSI2-201,1390.0,17,57255850.0,57680121.0,16,38504507.0,38876317.0
CUEDC1-206,CUEDC1-201,868.0,17,57861242.0,57955412.0,16,39009518.0,39071753.0
VEZF1-201,VEZF1-202,1350.0,17,57971546.0,57982864.0,16,39118474.0,39128520.0
MKS1-230,MKS1-201,255.0,17,58205440.0,58219245.0,16,39298189.0,39310567.0
LPO-210,LPO-202,2100.0,17,58218547.0,58268226.0,16,39327688.0,39349100.0
TSPOAP1-207,TSPOAP1-201,416.0,17,58301230.0,58306357.0,16,39370651.0,39395595.0
mrna_1712817,RNF43-202,2800.0,17,58345205.0,58417595.0,16,39419574.0,39475078.0
MTMR4-204,MTMR4-203,2420.0,17,58489528.0,58517851.0,16,39512142.0,39529642.0
SEPTIN4-204,mrna_330882,1870.0,17,58520249.0,58527144.0,16,39534457.0,39542880.0
IGBP1C-201,TEX14-201,2330.0,17,58660423.0,58692045.0,16,39582545.0,39655744.0
RAD51C-215,RAD51C-201,1350.0,17,58692572.0,58732766.0,16,39687598.0,39713293.0
TRIM37-213,TRIM37-201,237.0,17,58982637.0,59015617.0,16,39858944.0,39983175.0
SKA2-201,SKA2-203,297.0,17,59109856.0,59155186.0,16,39986842.0,40012502.0
PRR11-204,PRR11-201,678.0,17,59155731.0,59193686.0,16,40024329.0,40034110.0
SMG8-202,SMG8-201,4010.0,17,59209399.0,59215239.0,16,40039201.0,40043740.0
GDPD1-202,GDPD1-201,519.0,17,59220466.0,59273738.0,16,40050281.0,40090973.0
YPEL2-201,mrna_331794,520.0,17,59331654.0,59401729.0,16,40148718.0,40180721.0
DHX40-208,DHX40-201,398.0,17,59565557.0,59574259.0,16,40292890.0,40333573.0
CLTC-227,CLTC-202,5390.0,17,59619679.0,59695112.0,16,40343936.0,40401937.0
VMP1-202,VMP1-201,1750.0,17,59707497.0,59842231.0,16,40433041.0,40514671.0
TUBD1-217,TUBD1-205,534.0,17,59859425.0,59892943.0,16,40527998.0,40545919.0
CA4-206,CA4-201,103.0,17,60149941.0,60157542.0,16,42100641.0,42108859.0
USP32-201,mrna_333307,6550.0,17,60177326.0,60392133.0,16,41917497.0,42083937.0
PPM1D-212,PPM1D-201,957.0,17,60600192.0,60666256.0,16,41734311.0,41780360.0
BCAS3-216,BCAS3-201,572.0,17,60677452.0,60747282.0,16,41232695.0,41721856.0
BRIP1-215,BRIP1-201,2190.0,17,61679138.0,61861569.0,16,40884511.0,41016106.0
EFCAB3-202,EFCAB3-201,1610.0,17,62370217.0,62416479.0,16,14919823.0,14956851.0
METTL2A-204,mrna_306642,1130.0,17,62423890.0,62450822.0,16,14906148.0,14915708.0
TLK2-213,TLK2-201,2650.0,17,62458657.0,62613664.0,16,14783118.0,14880583.0
TANC2-211,TANC2-201,8590.0,17,62966234.0,63427703.0,16,14197913.0,14486874.0
CYB561-202,CYB561-201,900.0,17,63432303.0,63440866.0,16,14177516.0,14189483.0
mrna_1724894,ACE-202,2250.0,17,63484822.0,63521848.0,16,14137094.0,14149443.0
KCNH6-202,mrna_305827,1630.0,17,63523333.0,63546032.0,16,14104353.0,14116358.0
mrna_1725406,DCAF7-202,392.0,17,63550602.0,63608347.0,16,14070798.0,14092647.0
MAP3K3-208,MAP3K3-202,2760.0,17,63622414.0,63695089.0,16,13993097.0,14048657.0
STRADA-251,STRADA-205,1060.0,17,63682335.0,63741845.0,16,13959061.0,13983053.0
LIMD2-201,mrna_305641,530.0,17,63695887.0,63700125.0,16,13986454.0,13988461.0
DDX42-211,DDX42-201,444.0,17,63773602.0,63792504.0,16,13902059.0,13936334.0
PSMC5-206,PSMC5-202,527.0,17,63827151.0,63830917.0,16,13889386.0,13892049.0
mrna_1728751,mrna_305161,381.0,17,63917202.0,63931385.0,16,13849812.0,13851045.0
CD79B-201,mrna_305129,519.0,17,63928739.0,63932331.0,16,13838362.0,13844927.0
PRR29-204,mrna_305063,72.0,17,63998350.0,64001969.0,16,13752902.0,13787946.0
ICAM2-205,mrna_305033,417.0,17,64002593.0,64020625.0,16,13739074.0,13752706.0
ERN1-208,ERN1-201,3390.0,17,64039079.0,64130125.0,16,13554055.0,13665696.0
TEX2-201,mrna_304821,4230.0,17,64147226.0,64263227.0,16,13403726.0,13540711.0
PECAM1-203,PECAM1-202,2140.0,17,64319414.0,64390860.0,16,13319373.0,13362686.0
MILR1-203,MILR1-201,920.0,17,64449036.0,64467649.0,16,13270185.0,13286641.0
CEP95-208,CEP95-201,492.0,17,64506864.0,64522754.0,16,13202746.0,13236138.0
RGS9-210,RGS9-201,756.0,17,65100985.0,65227690.0,16,10956392.0,11035131.0
APOH-201,APOH-202,1180.0,17,66212032.0,66229415.0,16,11745670.0,11761126.0
PRKCA-202,PRKCA-201,2680.0,17,66302612.0,66810743.0,16,11794174.0,12158720.0
CACNG5-202,CACNG5-201,1100.0,17,66835116.0,66894751.0,16,12182755.0,12218463.0
PSMD12-201,PSMD12-202,1670.0,17,67337915.0,67366577.0,16,12550513.0,12568631.0
PITPNC1-202,PITPNC1-203,1160.0,17,67377280.0,67697256.0,16,12578131.0,12789453.0
NOL11-205,NOL11-201,493.0,17,67717930.0,67722628.0,16,12806359.0,12826057.0
C17orf58-204,C17orf58-201,885.0,17,67991098.0,67996469.0,16,13005691.0,13010270.0
KPNA2-210,KPNA2-201,2140.0,17,68035635.0,68046854.0,16,13030640.0,13039373.0
AMZ2-220,AMZ2-201,1320.0,17,68205480.0,68257712.0,16,10888926.0,10895299.0
PRKAR1A-215,PRKAR1A-201,1540.0,17,68511779.0,68534550.0,16,10710617.0,10726828.0
FAM20A-205,FAM20A-202,1740.0,17,68535115.0,68601367.0,16,10664612.0,10704173.0
ABCA8-208,ABCA8-203,5220.0,17,68867288.0,68955392.0,16,10449499.0,10513586.0
MAP2K6-206,MAP2K6-201,1350.0,17,69414696.0,69553865.0,16,9996274.0,10108181.0
KCNJ2-202,KCNJ2-201,1580.0,17,70168672.0,70176323.0,16,9484789.0,9486073.0
VCF1-201,VCF1-203,378.0,17,73207352.0,73232367.0,16,7041609.0,7054991.0
SDK2-201,mrna_300914,6760.0,17,73334383.0,73644445.0,16,6706691.0,6928633.0
RPL38-202,RPL38-201,294.0,17,74203581.0,74209880.0,16,6305212.0,6309141.0
TTYH2-201,mrna_300845,901.0,17,74213570.0,74262020.0,16,6278870.0,6300695.0
KIF19-206,KIF19-201,1820.0,17,74326209.0,74352326.0,16,6211147.0,6234923.0
GPR142-203,GPR142-201,349.0,17,74367457.0,74371840.0,16,6198924.0,6201481.0
GPRC5C-209,GPRC5C-201,555.0,17,74424850.0,74440212.0,16,6148525.0,6161788.0
CD300A-207,mrna_300659,202.0,17,74466398.0,74484794.0,16,6126806.0,6128011.0
CD300LB-203,CD300LB-201,455.0,17,74518999.0,74531475.0,16,6096220.0,6103468.0
CD300C-202,mrna_300581,356.0,17,74534361.0,74546133.0,16,6069463.0,6079547.0
CD300LD-201,mrna_300500,343.0,17,74579364.0,74592283.0,16,5936389.0,5953119.0
CD300E-202,CD300E-201,509.0,17,74609877.0,74619347.0,16,6024406.0,6031318.0
RAB37-201,RAB37-203,881.0,17,74670577.0,74747334.0,16,5913764.0,5922555.0
TMEM104-202,TMEM104-201,2000.0,17,74776498.0,74839752.0,16,5840170.0,5889533.0
GRIN2C-201,mrna_300298,3450.0,17,74842022.0,74859885.0,16,5824586.0,5834610.0
FADS6-203,FADS6-201,1240.0,17,74877301.0,74893633.0,16,5791506.0,5804495.0
USH1G-202,USH1G-201,1890.0,17,74916082.0,74923255.0,16,5772823.0,5777784.0
OTOP2-202,OTOP2-201,1970.0,17,74922949.0,74933912.0,16,5764797.0,5771333.0
HID1-202,HID1-201,2610.0,17,74950741.0,74972759.0,16,5734160.0,5752134.0
MRPL58-204,MRPL58-201,620.0,17,75012669.0,75020939.0,16,5706351.0,5712784.0
ATP5PD-201,mrna_299921,631.0,17,75038862.0,75046969.0,16,5689608.0,5694940.0
SLC16A5-206,SLC16A5-201,1340.0,17,75087726.0,75106162.0,16,5642548.0,5654977.0
ARMC7-203,ARMC7-201,229.0,17,75109951.0,75129170.0,16,5628269.0,5640479.0
NT5C-210,mrna_299813,410.0,17,75130224.0,75131446.0,16,5625159.0,5627021.0
JPT1-206,JPT1-201,386.0,17,75135247.0,75154243.0,16,5609485.0,5622490.0
NUP85-222,NUP85-201,519.0,17,75205658.0,75215775.0,16,5554647.0,5585341.0
GGA3-202,GGA3-201,1200.0,17,75236598.0,75261600.0,16,5539784.0,5553485.0
MRPS7-204,MRPS7-201,639.0,17,75261673.0,75264490.0,16,5535858.0,5540099.0
MIF4GD-213,MIF4GD-201,942.0,17,75266227.0,75270755.0,16,5532013.0,5536015.0
SLC25A19-202,SLC25A19-201,546.0,17,75272980.0,75289449.0,16,5520220.0,5531053.0
TMEM94-206,TMEM94-203,395.0,17,75441158.0,75486380.0,16,5381781.0,5400686.0
TSEN54-202,TSEN54-201,1880.0,17,75516059.0,75524735.0,16,5359836.0,5365977.0
MYO15B-235,mrna_299017,1210.0,17,75587799.0,75626849.0,16,5292843.0,5295926.0
RECQL5-204,RECQL5-202,3050.0,17,75626853.0,75667142.0,16,5222634.0,5291527.0
SAP30BP-219,SAP30BP-203,144.0,17,75667250.0,75690716.0,16,5190855.0,5223979.0
ITGB4-206,ITGB4-201,5340.0,17,75721327.0,75757604.0,16,5156683.0,5183991.0
GALK1-201,GALK1-202,1460.0,17,75751593.0,75765236.0,16,5151371.0,5156516.0
H3-3B-201,mrna_298454,553.0,17,75776433.0,75779779.0,16,5141414.0,5143275.0
UNK-205,UNK-201,3330.0,17,75784805.0,75825799.0,16,5106878.0,5138080.0
UNC13D-212,UNC13D-201,544.0,17,75827224.0,75830147.0,16,5091263.0,5103929.0
WBP2-201,mrna_298242,1000.0,17,75845698.0,75855335.0,16,5082174.0,5090101.0
TRIM47-202,TRIM47-201,234.0,17,75874163.0,75874892.0,16,5060600.0,5065009.0
TRIM65-205,TRIM65-201,384.0,17,75880334.0,75892303.0,16,5050624.0,5056945.0
MRPL38-201,MRPL38-202,1350.0,17,75898643.0,75904884.0,16,5043100.0,5048120.0
FBF1-205,FBF1-201,3080.0,17,75909573.0,75941038.0,16,5018900.0,5040319.0
ACOX1-201,ACOX1-203,571.0,17,75941506.0,75979166.0,16,4994257.0,5006127.0
TEN1-CDK3-203,TEN1-201,403.0,17,75979251.0,76005985.0,16,4978525.0,4988737.0
CDK3-202,CDK3-201,1140.0,17,76000854.0,76005998.0,16,4974257.0,4977815.0
SRP68-212,SRP68-201,1080.0,17,76038774.0,76053648.0,16,4921553.0,4950278.0
ZACN-203,ZACN-201,444.0,17,76079181.0,76082804.0,16,4910519.0,4913843.0
EXOC7-216,EXOC7-206,591.0,17,76081015.0,76103787.0,16,4891561.0,4893931.0
RNF157-210,RNF157-201,2440.0,17,76142464.0,76240289.0,16,4798189.0,4867580.0
QRICH2-204,QRICH2-201,694.0,17,76274048.0,76280357.0,16,4749092.0,4777073.0
PRPSAP1-206,PRPSAP1-201,1490.0,17,76309477.0,76353916.0,16,4722743.0,4746865.0
PRCD-210,PRCD-201,190.0,17,76540043.0,76545376.0,16,4575425.0,4578080.0
ST6GALNAC1-211,ST6GALNAC1-201,94.0,17,76624760.0,76643786.0,16,4504634.0,4522792.0
MXRA7-201,mrna_297091,55.0,17,76672550.0,76710955.0,16,4472278.0,4473399.0
JMJD6-203,JMJD6-201,1670.0,17,76712831.0,76726679.0,16,4441647.0,4450080.0
METTL23-211,METTL23-201,503.0,17,76726829.0,76733516.0,16,4436819.0,4440211.0
SRSF2-201,mrna_297020,440.0,17,76734114.0,76737331.0,16,4433822.0,4437468.0
MFSD11-207,MFSD11-201,1800.0,17,76735864.0,76778817.0,16,4412480.0,4433182.0
MGAT5B-209,MGAT5B-201,3200.0,17,76868403.0,76950393.0,16,4303034.0,4369381.0
TNRC6C-210,TNRC6C-201,4920.0,17,77958702.0,78108822.0,16,3556486.0,3625785.0
TMC6-217,TMC6-202,2430.0,17,78107396.0,78128755.0,16,3535271.0,3546398.0
C17orf99-201,mrna_296378,441.0,17,78146384.0,78166297.0,16,3510773.0,3514114.0
SYNGR2-201,mrna_296358,873.0,17,78168580.0,78172720.0,16,3505866.0,3511906.0
TK1-201,TK1-202,266.0,17,78174090.0,78187052.0,16,3494199.0,3503332.0
AFMID-212,AFMID-201,471.0,17,78187357.0,78205051.0,16,3476693.0,3493991.0
PGS1-206,PGS1-201,251.0,17,78378648.0,78398268.0,16,3288831.0,3320928.0
DNAH17-207,DNAH17-201,5690.0,17,78423696.0,78472774.0,16,3178683.0,3284970.0
TIMP2-203,TIMP2-201,599.0,17,78852976.0,78874150.0,16,2990771.0,3031798.0
CEP295NL-201,mrna_295161,473.0,17,78890578.0,78903201.0,16,3008502.0,3010853.0
LGALS3BP-218,LGALS3BP-201,387.0,17,78971237.0,78979918.0,16,2949223.0,2962706.0
CANT1-202,CANT1-201,1420.0,17,78991715.0,79009764.0,16,2927308.0,2941407.0
C1QTNF1-205,C1QTNF1-201,980.0,17,79022813.0,79048247.0,16,2897011.0,2921025.0
ENGASE-202,ENGASE-201,1010.0,17,79074823.0,79082530.0,16,2876137.0,2886336.0
RBFOX3-211,RBFOX3-201,1470.0,17,79089344.0,79482598.0,16,2852949.0,2875082.0
CBX2-202,CBX2-201,1860.0,17,79778147.0,79787983.0,16,2364822.0,2373113.0
CCDC40-203,CCDC40-201,2090.0,17,80036631.0,80090819.0,16,2144358.0,2171361.0
GAA-204,GAA-201,3130.0,17,80101532.0,80119869.0,16,2128175.0,2141269.0
EIF4A3-209,EIF4A3-201,1540.0,17,80134368.0,80147128.0,16,2115563.0,2126494.0
CARD14-218,CARD14-201,2330.0,17,80169991.0,80208971.0,16,2083365.0,2105598.0
SGSH-209,mrna_294389,248.0,17,80207655.0,80214722.0,16,2079796.0,2083392.0
SLC26A11-217,SLC26A11-201,496.0,17,80219698.0,80223283.0,16,2057841.0,2075019.0
RNF213-220,RNF213-204,6480.0,17,80260851.0,80398794.0,16,1948026.0,2028374.0
ENDOV-214,mrna_293637,386.0,17,80415164.0,80429818.0,16,1928738.0,1945626.0
RPTOR-208,RPTOR-201,348.0,17,80544818.0,80858124.0,16,1595557.0,1846954.0
CHMP6-203,CHMP6-201,416.0,17,80991597.0,80999145.0,16,1578117.0,1582588.0
BAIAP2-201,mrna_293285,1280.0,17,81035121.0,81109238.0,16,1479337.0,1486633.0
AATK-203,AATK-201,3370.0,17,81110486.0,81131948.0,16,1438749.0,1470321.0
PVALEF-203,PVALEF-201,335.0,17,81165506.0,81183166.0,16,1428518.0,1430531.0
CEP131-202,CEP131-201,2010.0,17,81189592.0,81222945.0,16,1406188.0,1424270.0
TEPSIN-213,TEPSIN-201,1490.0,17,81228276.0,81239055.0,16,1393813.0,1402092.0
SLC38A10-202,SLC38A10-201,1880.0,17,81244810.0,81295307.0,16,1352333.0,1388298.0
FSCN2-202,FSCN2-201,1770.0,17,81528376.0,81537130.0,16,1163751.0,1169173.0
FAAP100-203,FAAP100-202,255.0,17,81539884.0,81552376.0,16,1152347.0,1158637.0
TSPAN10-205,TSPAN10-201,792.0,17,81637171.0,81648754.0,16,1099105.0,1103220.0
HGS-236,HGS-201,2740.0,17,81683325.0,81702116.0,16,1063982.0,1075863.0
mrna_1774643,SLC25A10-202,887.0,17,81703370.0,81720539.0,16,1048252.0,1055369.0
MCRIP1-202,mrna_292306,451.0,17,81822360.0,81826394.0,16,1004408.0,1010023.0
P4HB-234,P4HB-201,1270.0,17,81843158.0,81860508.0,16,987685.0,997334.0
ARHGDIA-203,ARHGDIA-201,832.0,17,81867718.0,81870974.0,16,981274.0,982418.0
ALYREF-202,ALYREF-201,862.0,17,81887834.0,81891586.0,16,964501.0,968525.0
ANAPC11-205,mrna_292150,354.0,17,81890789.0,81900255.0,16,960375.0,965503.0
NPB-202,NPB-201,239.0,17,81900744.0,81902898.0,16,957533.0,957992.0
PCYT2-203,PCYT2-201,1340.0,17,81900957.0,81911399.0,16,949594.0,955598.0
PYCR1-202,PYCR1-201,1140.0,17,81932383.0,81937257.0,16,925192.0,930325.0
ASPSCR1-209,ASPSCR1-201,500.0,17,81976806.0,81996843.0,16,868989.0,896200.0
CENPX-204,mrna_291880,99.0,17,82018701.0,82024107.0,16,864079.0,867906.0
DCXR-203,DCXR-201,550.0,17,82035135.0,82036995.0,16,849805.0,851770.0
GPS1-216,GPS1-201,533.0,17,82050947.0,82054651.0,16,825250.0,831099.0
SLC16A3-208,SLC16A3-201,1540.0,17,82217933.0,82240086.0,16,694536.0,699788.0
CD7-208,CD7-201,294.0,17,82313563.0,82317573.0,16,639702.0,642649.0
SECTM1-201,mrna_291258,234.0,17,82321023.0,82333766.0,16,634699.0,636546.0
TEX19-201,mrna_291252,433.0,17,82359246.0,82363775.0,16,597514.0,598009.0
HEXD-202,HEXD-201,1430.0,17,82418317.0,82442645.0,16,544647.0,561455.0
CYBC1-240,CYBC1-201,221.0,17,82440911.0,82450805.0,16,538564.0,544173.0
FOXK2-202,FOXK2-201,1840.0,17,82519712.0,82602392.0,16,450422.0,500037.0
TBCD-233,TBCD-201,3380.0,17,82752041.0,82945900.0,16,264146.0,387108.0
B3GNTL1-201,B3GNTL1-202,1030.0,17,82942148.0,83051770.0,16,189754.0,258913.0
